{
  "X_thresholds": [
    0.0,
    0.028,
    0.0282,
    0.0312,
    0.0314,
    0.0378,
    0.038,
    0.1052,
    0.1054,
    0.1066,
    0.1068,
    0.1078,
    0.108,
    0.1458,
    0.146,
    0.1704,
    0.1706,
    0.2254,
    0.2256,
    0.2442,
    0.2444,
    0.2528,
    0.253,
    0.2618,
    0.262,
    0.269,
    0.2692,
    0.2752,
    0.2754,
    0.2884,
    0.2886,
    0.3056,
    0.3058,
    0.3136,
    0.3138,
    0.3618,
    0.362,
    0.3712,
    0.3714,
    0.4094,
    0.4096,
    0.4098,
    0.4136,
    0.4138,
    0.4672,
    0.4674,
    0.4938,
    0.494,
    0.5026,
    0.503,
    0.5524,
    0.5526,
    0.574,
    0.5742,
    0.5794,
    0.58,
    0.5814,
    0.5816,
    0.6004,
    0.6006,
    0.6098,
    0.61,
    0.6164,
    0.6168,
    0.6366,
    0.6368,
    0.661,
    0.6616,
    0.6724,
    0.6726,
    0.9218,
    1.0
  ],
  "y_thresholds": [
    0.031407035175879394,
    0.031407035175879394,
    0.034482758620689655,
    0.034482758620689655,
    0.03571428571428571,
    0.03571428571428571,
    0.04427645788336933,
    0.04427645788336933,
    0.045454545454545456,
    0.045454545454545456,
    0.07142857142857142,
    0.07142857142857142,
    0.07228915662650601,
    0.07228915662650601,
    0.08888888888888889,
    0.08888888888888889,
    0.10989010989010989,
    0.10989010989010989,
    0.11,
    0.11,
    0.1134020618556701,
    0.1134020618556701,
    0.13157894736842105,
    0.13157894736842105,
    0.13513513513513514,
    0.13513513513513514,
    0.15492957746478872,
    0.15492957746478872,
    0.1623931623931624,
    0.1623931623931624,
    0.1813186813186813,
    0.1813186813186813,
    0.18292682926829268,
    0.18292682926829268,
    0.18793503480278423,
    0.18793503480278423,
    0.2376237623762376,
    0.2376237623762376,
    0.24242424242424243,
    0.24242424242424243,
    0.25,
    0.2647058823529412,
    0.2647058823529412,
    0.28105906313645623,
    0.28105906313645623,
    0.3153526970954357,
    0.3153526970954357,
    0.3375,
    0.3375,
    0.4156769596199525,
    0.4156769596199525,
    0.4573170731707317,
    0.4573170731707317,
    0.48484848484848486,
    0.48484848484848486,
    0.5,
    0.5,
    0.5492957746478874,
    0.5492957746478874,
    0.5522388059701493,
    0.5522388059701493,
    0.5652173913043478,
    0.5652173913043478,
    0.5691056910569106,
    0.5691056910569106,
    0.6827586206896552,
    0.6827586206896552,
    0.6896551724137931,
    0.6896551724137931,
    0.7909090909090909,
    0.7909090909090909,
    1.0
  ],
  "X_min": 0.0,
  "X_max": 1.0,
  "y_min": 0.0,
  "y_max": 1.0,
  "high_prob_threshold": 0.7,
  "high_prob_shrinkage": 0.3
}