{
  "X_thresholds": [
    0.0,
    0.0038,
    0.0044,
    0.0856,
    0.0862,
    0.1324,
    0.1326,
    0.1508,
    0.1514,
    0.1742,
    0.175,
    0.1932,
    0.194,
    0.2238,
    0.224,
    0.2286,
    0.229,
    0.2596,
    0.2602,
    0.2814,
    0.2818,
    0.3418,
    0.342,
    0.3978,
    0.398,
    0.4018,
    0.402,
    0.4318,
    0.4328,
    0.4606,
    0.4612,
    0.4794,
    0.4798,
    0.4966,
    0.4968,
    0.497,
    0.5306,
    0.5308,
    0.545,
    0.5452,
    0.6142,
    0.6148,
    0.6454,
    0.6458,
    0.6902,
    0.6914,
    0.8522,
    0.9556
  ],
  "y_thresholds": [
    0.0,
    0.0,
    0.013729977116704805,
    0.013729977116704805,
    0.024096385542168676,
    0.024096385542168676,
    0.02702702702702703,
    0.02702702702702703,
    0.027777777777777776,
    0.027777777777777776,
    0.03773584905660377,
    0.03773584905660377,
    0.05102040816326531,
    0.05102040816326531,
    0.06666666666666667,
    0.06666666666666667,
    0.08860759493670886,
    0.08860759493670886,
    0.09090909090909091,
    0.09090909090909091,
    0.09782608695652174,
    0.09782608695652174,
    0.20855614973262032,
    0.20855614973262032,
    0.21428571428571427,
    0.21428571428571427,
    0.27586206896551724,
    0.27586206896551724,
    0.3793103448275862,
    0.3793103448275862,
    0.41935483870967744,
    0.41935483870967744,
    0.4444444444444444,
    0.4444444444444444,
    0.5,
    0.5324675324675324,
    0.5324675324675324,
    0.5952380952380952,
    0.5952380952380952,
    0.7593984962406015,
    0.7593984962406015,
    0.7647058823529411,
    0.7647058823529411,
    0.8,
    0.8,
    0.8181818181818182,
    0.8181818181818182,
    1.0
  ],
  "X_min": 0.0,
  "X_max": 0.9556,
  "y_min": 0.0,
  "y_max": 1.0,
  "high_prob_threshold": 0.7,
  "high_prob_shrinkage": 0.3
}