{
  "X_thresholds": [
    0.0,
    0.0006,
    0.0008,
    0.006,
    0.0062,
    0.0204,
    0.0206,
    0.0408,
    0.041,
    0.0462,
    0.0464,
    0.0568,
    0.057,
    0.0808,
    0.0814,
    0.126,
    0.1262,
    0.137,
    0.1372,
    0.153,
    0.1532,
    0.238,
    0.2384,
    0.2514,
    0.2518,
    0.3012,
    0.3014,
    0.317,
    0.3174,
    0.3204,
    0.3206,
    0.3642,
    0.3644,
    0.3738,
    0.374,
    0.3828,
    0.383,
    0.3936,
    0.3938,
    0.4256,
    0.426,
    0.4562,
    0.4564,
    0.463,
    0.4632,
    0.479,
    0.4792,
    0.4932,
    0.4934,
    0.5424,
    0.5428,
    0.569,
    0.5692,
    0.5784,
    0.5786,
    0.6142,
    0.6146,
    0.6368,
    0.637,
    0.6434,
    0.6436,
    0.6466,
    0.647,
    0.673,
    0.6732,
    0.679,
    0.6798,
    0.7024,
    0.7042,
    0.7078,
    0.708,
    0.7626,
    0.7632,
    0.7934,
    0.7982,
    1.0
  ],
  "y_thresholds": [
    0.0030864197530864196,
    0.0030864197530864196,
    0.006872852233676976,
    0.006872852233676976,
    0.007263922518159807,
    0.007263922518159807,
    0.015527950310559006,
    0.015527950310559006,
    0.02702702702702703,
    0.02702702702702703,
    0.03289473684210526,
    0.03289473684210526,
    0.037800687285223365,
    0.037800687285223365,
    0.062034739454094295,
    0.062034739454094295,
    0.06818181818181818,
    0.06818181818181818,
    0.08571428571428572,
    0.08571428571428572,
    0.12272727272727273,
    0.12272727272727273,
    0.15384615384615385,
    0.15384615384615385,
    0.1746031746031746,
    0.1746031746031746,
    0.1875,
    0.1875,
    0.23076923076923078,
    0.23076923076923078,
    0.27586206896551724,
    0.27586206896551724,
    0.27710843373493976,
    0.27710843373493976,
    0.28888888888888886,
    0.28888888888888886,
    0.2898550724637681,
    0.2898550724637681,
    0.30985915492957755,
    0.30985915492957755,
    0.3619047619047619,
    0.3619047619047619,
    0.37142857142857144,
    0.37142857142857144,
    0.3978494623655914,
    0.3978494623655914,
    0.4222222222222222,
    0.4222222222222222,
    0.4731182795698925,
    0.4731182795698925,
    0.5317460317460317,
    0.5317460317460317,
    0.5882352941176471,
    0.5882352941176471,
    0.5941176470588235,
    0.5941176470588235,
    0.6162790697674418,
    0.6162790697674418,
    0.6785714285714286,
    0.6785714285714286,
    0.6875,
    0.6875,
    0.7052631578947368,
    0.7052631578947368,
    0.7142857142857143,
    0.7142857142857143,
    0.7962962962962963,
    0.7962962962962963,
    0.8181818181818182,
    0.8181818181818182,
    0.8297872340425532,
    0.8297872340425532,
    0.95,
    0.95,
    1.0,
    1.0
  ],
  "X_min": 0.0,
  "X_max": 1.0,
  "y_min": 0.0,
  "y_max": 1.0,
  "high_prob_threshold": 0.7,
  "high_prob_shrinkage": 0.3
}