{
  "X_thresholds": [
    0.255,
    0.265,
    0.2652,
    0.2724,
    0.2726,
    0.2884,
    0.2886,
    0.2996,
    0.2998,
    0.3266,
    0.3268,
    0.3562,
    0.357,
    0.3698,
    0.37,
    0.4184,
    0.4188,
    0.4652,
    0.4658,
    0.4768,
    0.477,
    0.5288,
    0.529,
    0.546,
    0.5462,
    0.5824,
    0.5826,
    0.6002,
    0.6062,
    0.6094
  ],
  "y_thresholds": [
    0.0,
    0.0,
    0.05,
    0.05,
    0.14383561643835616,
    0.14383561643835616,
    0.15853658536585366,
    0.15853658536585366,
    0.19469026548672566,
    0.19469026548672566,
    0.2,
    0.2,
    0.21621621621621623,
    0.21621621621621623,
    0.21991701244813278,
    0.21991701244813278,
    0.2242152466367713,
    0.2242152466367713,
    0.2727272727272727,
    0.2727272727272727,
    0.3148148148148148,
    0.3148148148148148,
    0.36363636363636365,
    0.36363636363636365,
    0.4,
    0.4,
    0.5454545454545454,
    0.5454545454545454,
    1.0,
    1.0
  ],
  "X_min": 0.255,
  "X_max": 0.6094,
  "y_min": 0.0,
  "y_max": 1.0,
  "high_prob_threshold": 0.7,
  "high_prob_shrinkage": 0.3
}