{
  "X_thresholds": [
    0.0,
    0.047,
    0.0492,
    0.092,
    0.0948,
    0.1678,
    0.168,
    0.271,
    0.2724,
    0.3866,
    0.3878,
    0.431,
    0.4312,
    0.4372,
    0.439,
    0.4668,
    0.467,
    0.532,
    0.533,
    0.5506,
    0.5514,
    0.5802,
    0.5804,
    0.617,
    0.62,
    0.725,
    0.7286,
    1.0
  ],
  "y_thresholds": [
    0.06060606060606061,
    0.06060606060606061,
    0.06666666666666667,
    0.06666666666666667,
    0.11666666666666667,
    0.11666666666666667,
    0.18584070796460178,
    0.18584070796460178,
    0.2741935483870968,
    0.2741935483870968,
    0.3269230769230769,
    0.3269230769230769,
    0.3333333333333333,
    0.3333333333333333,
    0.43636363636363634,
    0.43636363636363634,
    0.4578313253012048,
    0.4578313253012048,
    0.4666666666666667,
    0.4666666666666667,
    0.4878048780487805,
    0.4878048780487805,
    0.5294117647058824,
    0.5294117647058824,
    0.5686274509803921,
    0.5686274509803921,
    0.6666666666666666,
    0.6666666666666666
  ],
  "X_min": 0.0,
  "X_max": 1.0,
  "y_min": 0.0,
  "y_max": 1.0,
  "high_prob_threshold": 0.7,
  "high_prob_shrinkage": 0.3
}