{
  "X_thresholds": [
    0.0,
    0.041,
    0.0412,
    0.0512,
    0.0514,
    0.0876,
    0.0878,
    0.1008,
    0.101,
    0.137,
    0.1372,
    0.143,
    0.1432,
    0.1798,
    0.18,
    0.2066,
    0.2068,
    0.217,
    0.2172,
    0.2184,
    0.219,
    0.2626,
    0.2628,
    0.2888,
    0.29,
    0.2902,
    0.2904,
    0.3154,
    0.3156,
    0.337,
    0.3372,
    0.3602,
    0.3604,
    0.3846,
    0.3848,
    0.3924,
    0.3926,
    0.4198,
    0.42,
    0.4592,
    0.4594,
    0.4904,
    0.4906,
    0.5284,
    0.5286,
    0.5358,
    0.536,
    0.5584,
    0.5586,
    0.5882,
    0.5884,
    0.6348,
    0.6354,
    0.6418,
    0.642,
    0.6612,
    0.6614,
    0.6822,
    0.6826,
    0.6862,
    0.6864,
    0.694,
    0.6946,
    0.7166,
    0.7168,
    0.7472,
    0.7476,
    0.8532,
    0.8544,
    1.0
  ],
  "y_thresholds": [
    0.01539538138558433,
    0.01539538138558433,
    0.0213903743315508,
    0.0213903743315508,
    0.036734693877551024,
    0.036734693877551024,
    0.047619047619047616,
    0.047619047619047616,
    0.05693069306930693,
    0.05693069306930693,
    0.05970149253731343,
    0.05970149253731343,
    0.07238605898123325,
    0.07238605898123325,
    0.09420289855072464,
    0.09420289855072464,
    0.13725490196078433,
    0.13725490196078433,
    0.14285714285714285,
    0.14285714285714285,
    0.14673913043478262,
    0.14673913043478262,
    0.16587677725118483,
    0.16587677725118483,
    0.16666666666666666,
    0.16666666666666666,
    0.17567567567567569,
    0.17567567567567569,
    0.18023255813953487,
    0.18023255813953487,
    0.21604938271604937,
    0.21604938271604937,
    0.24418604651162787,
    0.24418604651162787,
    0.2745098039215686,
    0.2745098039215686,
    0.29648241206030146,
    0.29648241206030146,
    0.3156028368794325,
    0.3156028368794325,
    0.3230088495575221,
    0.3230088495575221,
    0.359375,
    0.359375,
    0.375,
    0.375,
    0.5,
    0.5,
    0.510752688172043,
    0.510752688172043,
    0.5555555555555556,
    0.5555555555555556,
    0.631578947368421,
    0.631578947368421,
    0.6630434782608695,
    0.6630434782608695,
    0.6705882352941176,
    0.6705882352941176,
    0.7142857142857143,
    0.7142857142857143,
    0.7333333333333333,
    0.7333333333333333,
    0.7941176470588235,
    0.7941176470588235,
    0.8152173913043478,
    0.8152173913043478,
    0.8470588235294118,
    0.8470588235294118,
    0.9444444444444444,
    0.9444444444444444
  ],
  "X_min": 0.0,
  "X_max": 1.0,
  "y_min": 0.0,
  "y_max": 1.0,
  "high_prob_threshold": 0.7,
  "high_prob_shrinkage": 0.3
}