{
  "X_thresholds": [
    0.2512,
    0.2862,
    0.2872,
    0.2882,
    0.289,
    0.3508,
    0.353,
    0.388,
    0.3884,
    0.4762,
    0.477,
    0.5,
    0.5002,
    0.5626,
    0.563,
    0.5722,
    0.5726,
    0.591,
    0.5926,
    0.599,
    0.6004,
    0.61
  ],
  "y_thresholds": [
    0.14634146341463414,
    0.14634146341463414,
    0.16666666666666666,
    0.16666666666666666,
    0.17204301075268819,
    0.17204301075268819,
    0.19148936170212766,
    0.19148936170212766,
    0.2512315270935961,
    0.2512315270935961,
    0.3157894736842105,
    0.3157894736842105,
    0.4728682170542636,
    0.4728682170542636,
    0.5454545454545454,
    0.5454545454545454,
    0.6842105263157895,
    0.6842105263157895,
    0.75,
    0.75,
    1.0,
    1.0
  ],
  "X_min": 0.2512,
  "X_max": 0.61,
  "y_min": 0.0,
  "y_max": 1.0,
  "high_prob_threshold": 0.7,
  "high_prob_shrinkage": 0.3
}