{
  "X_thresholds": [
    0.0,
    0.0002,
    0.001,
    0.0012,
    0.1424,
    0.1426,
    0.2276,
    0.2278,
    0.2774,
    0.2776,
    0.2784,
    0.279,
    0.307,
    0.3076,
    0.3178,
    0.318,
    0.3236,
    0.3238,
    0.371,
    0.3714,
    0.3806,
    0.3808,
    0.4066,
    0.4068,
    0.4238,
    0.424,
    0.4478,
    0.448,
    0.4562,
    0.4564,
    0.457,
    0.4572,
    0.4826,
    0.4828,
    0.4898,
    0.49,
    0.5124,
    0.5128,
    0.5224,
    0.523,
    0.5688,
    0.569,
    0.5936,
    0.5938,
    0.6152,
    0.6156,
    0.6352,
    0.6356,
    0.648,
    0.6484,
    0.8296,
    0.9014,
    0.9222
  ],
  "y_thresholds": [
    0.0049261083743842365,
    0.02631578947368421,
    0.02631578947368421,
    0.05636743215031315,
    0.05636743215031315,
    0.06462585034013606,
    0.06462585034013606,
    0.08287292817679558,
    0.08287292817679558,
    0.1111111111111111,
    0.1111111111111111,
    0.12389380530973453,
    0.12389380530973453,
    0.125,
    0.125,
    0.13043478260869565,
    0.13043478260869565,
    0.1686046511627907,
    0.1686046511627907,
    0.18181818181818182,
    0.18181818181818182,
    0.1935483870967742,
    0.1935483870967742,
    0.24285714285714285,
    0.24285714285714285,
    0.24761904761904763,
    0.24761904761904763,
    0.25,
    0.25,
    0.3333333333333333,
    0.3333333333333333,
    0.33962264150943394,
    0.33962264150943394,
    0.40476190476190477,
    0.40476190476190477,
    0.43209876543209874,
    0.43209876543209874,
    0.45714285714285713,
    0.45714285714285713,
    0.49044585987261147,
    0.49044585987261147,
    0.6164383561643836,
    0.6164383561643836,
    0.6730769230769231,
    0.6730769230769231,
    0.6875,
    0.6875,
    0.7222222222222222,
    0.7222222222222222,
    0.8205128205128205,
    0.8205128205128205,
    1.0,
    1.0
  ],
  "X_min": 0.0,
  "X_max": 0.9222,
  "y_min": 0.0,
  "y_max": 1.0,
  "high_prob_threshold": 0.7,
  "high_prob_shrinkage": 0.3
}