{
  "X_thresholds": [
    0.0,
    0.0278,
    0.0282,
    0.0346,
    0.035,
    0.1452,
    0.1456,
    0.277,
    0.2774,
    0.296,
    0.2964,
    0.305,
    0.3052,
    0.3676,
    0.3678,
    0.4012,
    0.4014,
    0.418,
    0.4188,
    0.4328,
    0.433,
    0.4632,
    0.4634,
    0.5434,
    0.5438,
    0.5558,
    0.556,
    0.6188,
    0.6198,
    0.681,
    0.6816,
    0.7138,
    0.7146,
    0.7978,
    0.8016,
    1.0
  ],
  "y_thresholds": [
    0.0,
    0.0,
    0.125,
    0.125,
    0.2441860465116279,
    0.2441860465116279,
    0.26086956521739135,
    0.26086956521739135,
    0.27419354838709675,
    0.27419354838709675,
    0.3181818181818182,
    0.3181818181818182,
    0.319672131147541,
    0.319672131147541,
    0.3464052287581699,
    0.3464052287581699,
    0.37,
    0.37,
    0.3835616438356164,
    0.3835616438356164,
    0.4011627906976744,
    0.4011627906976744,
    0.40554156171284633,
    0.40554156171284633,
    0.42105263157894735,
    0.42105263157894735,
    0.4225352112676056,
    0.4225352112676056,
    0.47101449275362317,
    0.47101449275362317,
    0.5000000000000001,
    0.5000000000000001,
    0.5465116279069767,
    0.5465116279069767,
    0.5517241379310345,
    0.5517241379310345
  ],
  "X_min": 0.0,
  "X_max": 1.0,
  "y_min": 0.0,
  "y_max": 1.0,
  "high_prob_threshold": 0.7,
  "high_prob_shrinkage": 0.3
}