{
  "X_thresholds": [
    0.0,
    0.0152,
    0.0154,
    0.025,
    0.0252,
    0.0378,
    0.038,
    0.0512,
    0.0514,
    0.0524,
    0.0526,
    0.0562,
    0.0564,
    0.0812,
    0.0814,
    0.0842,
    0.0844,
    0.1056,
    0.1058,
    0.136,
    0.1362,
    0.137,
    0.1372,
    0.143,
    0.1432,
    0.153,
    0.1532,
    0.1696,
    0.1698,
    0.176,
    0.1762,
    0.2186,
    0.2188,
    0.2258,
    0.226,
    0.2438,
    0.244,
    0.257,
    0.2572,
    0.2626,
    0.2628,
    0.2772,
    0.2774,
    0.2884,
    0.2886,
    0.3172,
    0.3174,
    0.3618,
    0.362,
    0.3712,
    0.3714,
    0.3838,
    0.384,
    0.3884,
    0.3886,
    0.4062,
    0.4064,
    0.4096,
    0.4098,
    0.4192,
    0.4194,
    0.4238,
    0.424,
    0.4562,
    0.4564,
    0.4804,
    0.4806,
    0.4932,
    0.4934,
    0.497,
    0.4972,
    0.5196,
    0.5198,
    0.5424,
    0.5426,
    0.5526,
    0.5528,
    0.5532,
    0.5534,
    0.569,
    0.5692,
    0.5742,
    0.5744,
    0.5798,
    0.58,
    0.5942,
    0.5946,
    0.6158,
    0.616,
    0.6352,
    0.6354,
    0.6366,
    0.6368,
    0.6484,
    0.6486,
    0.6612,
    0.6614,
    0.673,
    0.6732,
    0.6822,
    0.6824,
    0.7002,
    0.7004,
    0.7168,
    0.717,
    0.7642,
    0.7648,
    0.8532,
    0.8544,
    0.9218,
    0.9222,
    1.0
  ],
  "y_thresholds": [
    0.017371353654539495,
    0.017371353654539495,
    0.018333333333333333,
    0.018333333333333333,
    0.02031063321385902,
    0.02031063321385902,
    0.028241335044929396,
    0.028241335044929396,
    0.0379746835443038,
    0.0379746835443038,
    0.038461538461538464,
    0.038461538461538464,
    0.042625745950554135,
    0.042625745950554135,
    0.04285714285714286,
    0.04285714285714286,
    0.04807692307692308,
    0.04807692307692308,
    0.053344623200677385,
    0.053344623200677385,
    0.06060606060606061,
    0.06060606060606061,
    0.06374501992031872,
    0.06374501992031872,
    0.08356545961002786,
    0.08356545961002786,
    0.08585858585858586,
    0.08585858585858586,
    0.08733624454148471,
    0.08733624454148471,
    0.10089841050449205,
    0.10089841050449205,
    0.10222222222222223,
    0.10222222222222223,
    0.12302284710017575,
    0.12302284710017575,
    0.13555555555555557,
    0.13555555555555557,
    0.14204545454545456,
    0.14204545454545456,
    0.1422319474835886,
    0.1422319474835886,
    0.1524547803617571,
    0.1524547803617571,
    0.1613588110403397,
    0.1613588110403397,
    0.20919540229885059,
    0.20919540229885059,
    0.2302839116719243,
    0.2302839116719243,
    0.23684210526315785,
    0.23684210526315785,
    0.25675675675675674,
    0.25675675675675674,
    0.265748031496063,
    0.265748031496063,
    0.27927927927927926,
    0.27927927927927926,
    0.2827586206896552,
    0.2827586206896552,
    0.2835820895522388,
    0.2835820895522388,
    0.3029989658738366,
    0.3029989658738366,
    0.34877384196185285,
    0.34877384196185285,
    0.35638297872340424,
    0.35638297872340424,
    0.4166666666666667,
    0.4166666666666667,
    0.4283464566929134,
    0.4283464566929134,
    0.4430823117338003,
    0.4430823117338003,
    0.48594377510040154,
    0.48594377510040154,
    0.5,
    0.5,
    0.5204081632653061,
    0.5204081632653061,
    0.5431034482758621,
    0.5431034482758621,
    0.5737704918032787,
    0.5737704918032787,
    0.5739130434782608,
    0.5739130434782608,
    0.5881104033970276,
    0.5881104033970276,
    0.5994236311239192,
    0.5994236311239192,
    0.625,
    0.625,
    0.6888888888888889,
    0.6888888888888889,
    0.6935483870967742,
    0.6935483870967742,
    0.696969696969697,
    0.696969696969697,
    0.7589285714285714,
    0.7589285714285714,
    0.770949720670391,
    0.770949720670391,
    0.8012820512820513,
    0.8012820512820513,
    0.8136882129277566,
    0.8136882129277566,
    0.8282828282828283,
    0.8282828282828283,
    0.875,
    0.875,
    0.9583333333333334,
    0.9583333333333334
  ],
  "X_min": 0.0,
  "X_max": 1.0,
  "y_min": 0.0,
  "y_max": 1.0,
  "high_prob_threshold": 0.7,
  "high_prob_shrinkage": 0.3
}