{
  "X_thresholds": [
    0.0,
    0.0004,
    0.0006,
    0.0128,
    0.013,
    0.023,
    0.0232,
    0.0528,
    0.053,
    0.0868,
    0.087,
    0.1048,
    0.1054,
    0.157,
    0.1576,
    0.1694,
    0.1698,
    0.2182,
    0.2184,
    0.2332,
    0.2334,
    0.3042,
    0.3044,
    0.3278,
    0.328,
    0.3722,
    0.3724,
    0.3878,
    0.388,
    0.4092,
    0.4094,
    0.4104,
    0.4108,
    0.4934,
    0.4942,
    0.4964,
    0.4968,
    0.5338,
    0.534,
    0.5414,
    0.5418,
    0.5516,
    0.552,
    0.5884,
    0.5886,
    0.598,
    0.5986,
    0.6002,
    0.6006,
    0.6216,
    0.6226,
    0.6902,
    0.6904,
    0.7808,
    0.7854,
    0.838,
    0.8544,
    0.8998
  ],
  "y_thresholds": [
    0.0,
    0.0,
    0.00906344410876133,
    0.00906344410876133,
    0.011428571428571429,
    0.011428571428571429,
    0.015765765765765764,
    0.015765765765765764,
    0.05115089514066496,
    0.05115089514066496,
    0.05202312138728324,
    0.05202312138728324,
    0.08264462809917356,
    0.08264462809917356,
    0.12345679012345678,
    0.12345679012345678,
    0.13151927437641722,
    0.13151927437641722,
    0.13888888888888887,
    0.13888888888888887,
    0.16356877323420074,
    0.16356877323420074,
    0.23357664233576642,
    0.23357664233576642,
    0.24230769230769236,
    0.24230769230769236,
    0.26732673267326734,
    0.26732673267326734,
    0.30833333333333335,
    0.30833333333333335,
    0.3333333333333333,
    0.3333333333333333,
    0.33613445378151263,
    0.33613445378151263,
    0.4,
    0.4,
    0.47058823529411764,
    0.47058823529411764,
    0.47619047619047616,
    0.47619047619047616,
    0.5333333333333333,
    0.5333333333333333,
    0.5694444444444444,
    0.5694444444444444,
    0.5714285714285714,
    0.5714285714285714,
    0.625,
    0.625,
    0.6428571428571429,
    0.6428571428571429,
    0.6858974358974359,
    0.6858974358974359,
    0.7121212121212122,
    0.7121212121212122,
    0.8333333333333334,
    0.8333333333333334,
    1.0,
    1.0
  ],
  "X_min": 0.0,
  "X_max": 0.8998,
  "y_min": 0.0,
  "y_max": 1.0,
  "high_prob_threshold": 0.7,
  "high_prob_shrinkage": 0.3
}