{
  "X_thresholds": [
    0.0,
    0.0002,
    0.0006,
    0.0008,
    0.0172,
    0.0174,
    0.019,
    0.0192,
    0.0524,
    0.0526,
    0.0812,
    0.0814,
    0.139,
    0.1392,
    0.1424,
    0.1426,
    0.1722,
    0.1724,
    0.2272,
    0.2274,
    0.244,
    0.2442,
    0.2736,
    0.2738,
    0.289,
    0.2892,
    0.3164,
    0.3166,
    0.3216,
    0.3218,
    0.3344,
    0.3346,
    0.3418,
    0.342,
    0.3504,
    0.3508,
    0.3618,
    0.362,
    0.4016,
    0.4018,
    0.402,
    0.4274,
    0.4278,
    0.4544,
    0.4548,
    0.4562,
    0.4564,
    0.4596,
    0.4598,
    0.4796,
    0.4798,
    0.4896,
    0.4898,
    0.4984,
    0.4986,
    0.5192,
    0.5194,
    0.5196,
    0.5198,
    0.5332,
    0.5334,
    0.5432,
    0.5434,
    0.5688,
    0.569,
    0.5934,
    0.5936,
    0.5938,
    0.6152,
    0.6156,
    0.648,
    0.6482,
    0.8522,
    0.8582,
    0.9556
  ],
  "y_thresholds": [
    0.006237006237006237,
    0.015625,
    0.015625,
    0.025236593059936908,
    0.025236593059936908,
    0.02631578947368421,
    0.02631578947368421,
    0.03096774193548387,
    0.03096774193548387,
    0.04918032786885246,
    0.04918032786885246,
    0.05313351498637602,
    0.05313351498637602,
    0.06382978723404255,
    0.06382978723404255,
    0.08635097493036212,
    0.08635097493036212,
    0.0936936936936937,
    0.0936936936936937,
    0.11392405063291139,
    0.11392405063291139,
    0.1266233766233766,
    0.1266233766233766,
    0.1345029239766082,
    0.1345029239766082,
    0.14122137404580154,
    0.14122137404580154,
    0.14285714285714285,
    0.14285714285714285,
    0.14705882352941177,
    0.14705882352941177,
    0.15942028985507245,
    0.15942028985507245,
    0.16666666666666666,
    0.16666666666666666,
    0.17592592592592593,
    0.17592592592592593,
    0.2299168975069252,
    0.2299168975069252,
    0.25,
    0.25531914893617025,
    0.25531914893617025,
    0.2857142857142857,
    0.2857142857142857,
    0.3333333333333333,
    0.3333333333333333,
    0.35135135135135137,
    0.35135135135135137,
    0.3735632183908046,
    0.3735632183908046,
    0.4111111111111111,
    0.4111111111111111,
    0.42857142857142855,
    0.42857142857142855,
    0.4966887417218543,
    0.4966887417218543,
    0.5,
    0.5,
    0.505263157894737,
    0.505263157894737,
    0.5194805194805194,
    0.5194805194805194,
    0.5632911392405063,
    0.5632911392405063,
    0.6583850931677019,
    0.6583850931677019,
    0.6666666666666666,
    0.6699029126213593,
    0.6699029126213593,
    0.6825396825396826,
    0.6825396825396826,
    0.8305084745762712,
    0.8305084745762712,
    1.0,
    1.0
  ],
  "X_min": 0.0,
  "X_max": 0.9556,
  "y_min": 0.0,
  "y_max": 1.0,
  "high_prob_threshold": 0.7,
  "high_prob_shrinkage": 0.3
}