{
  "X_thresholds": [
    0.0,
    0.038,
    0.0382,
    0.078,
    0.0782,
    0.0978,
    0.098,
    0.137,
    0.1372,
    0.144,
    0.1444,
    0.1726,
    0.1728,
    0.173,
    0.1732,
    0.199,
    0.1992,
    0.2022,
    0.2024,
    0.222,
    0.2222,
    0.2436,
    0.2438,
    0.2626,
    0.2628,
    0.2758,
    0.276,
    0.2884,
    0.2886,
    0.3174,
    0.3176,
    0.3406,
    0.3408,
    0.3618,
    0.362,
    0.3842,
    0.3844,
    0.4238,
    0.424,
    0.467,
    0.4672,
    0.4804,
    0.4806,
    0.4932,
    0.4934,
    0.5198,
    0.52,
    0.531,
    0.5312,
    0.5424,
    0.5426,
    0.5526,
    0.5528,
    0.561,
    0.5612,
    0.5694,
    0.5696,
    0.571,
    0.5712,
    0.574,
    0.5742,
    0.581,
    0.5812,
    0.6162,
    0.6164,
    0.6368,
    0.637,
    0.6484,
    0.6486,
    0.661,
    0.6614,
    0.673,
    0.6732,
    0.679,
    0.6792,
    0.7002,
    0.7004,
    0.7312,
    0.7314,
    0.7632,
    0.7636,
    0.9218,
    0.93,
    1.0
  ],
  "y_thresholds": [
    0.01907514450867052,
    0.01907514450867052,
    0.03426791277258567,
    0.03426791277258567,
    0.03819444444444445,
    0.03819444444444445,
    0.04488330341113106,
    0.04488330341113106,
    0.0660377358490566,
    0.0660377358490566,
    0.07874015748031496,
    0.07874015748031496,
    0.08333333333333333,
    0.08333333333333333,
    0.08761329305135952,
    0.08761329305135952,
    0.09523809523809523,
    0.09523809523809523,
    0.1044776119402985,
    0.1044776119402985,
    0.11295681063122924,
    0.11295681063122924,
    0.1171875,
    0.1171875,
    0.14814814814814814,
    0.14814814814814814,
    0.17277486910994763,
    0.17277486910994763,
    0.17411764705882352,
    0.17411764705882352,
    0.22188449848024316,
    0.22188449848024316,
    0.22297297297297297,
    0.22297297297297297,
    0.22822822822822822,
    0.22822822822822822,
    0.2626970227670753,
    0.2626970227670753,
    0.31570762052877127,
    0.31570762052877127,
    0.33668341708542715,
    0.33668341708542715,
    0.3622448979591837,
    0.3622448979591837,
    0.3897058823529412,
    0.3897058823529412,
    0.3939393939393939,
    0.3939393939393939,
    0.40993788819875776,
    0.40993788819875776,
    0.43333333333333335,
    0.43333333333333335,
    0.46,
    0.46,
    0.46923076923076923,
    0.46923076923076923,
    0.5,
    0.5,
    0.5116279069767442,
    0.5116279069767442,
    0.5301204819277108,
    0.5301204819277108,
    0.5481798715203426,
    0.5481798715203426,
    0.5495495495495495,
    0.5495495495495495,
    0.6624203821656051,
    0.6624203821656051,
    0.6666666666666666,
    0.6666666666666666,
    0.6752136752136753,
    0.6752136752136753,
    0.7872340425531915,
    0.7872340425531915,
    0.7894736842105263,
    0.7894736842105263,
    0.821917808219178,
    0.821917808219178,
    0.8272727272727273,
    0.8272727272727273,
    0.8673469387755102,
    0.8673469387755102,
    0.9545454545454546,
    0.9545454545454546
  ],
  "X_min": 0.0,
  "X_max": 1.0,
  "y_min": 0.0,
  "y_max": 1.0,
  "high_prob_threshold": 0.7,
  "high_prob_shrinkage": 0.3
}