{
  "X_thresholds": [
    0.0,
    0.0636,
    0.0646,
    0.151,
    0.1514,
    0.2388,
    0.2396,
    0.3226,
    0.3228,
    0.3708,
    0.3714,
    0.405,
    0.4122,
    0.5338
  ],
  "y_thresholds": [
    0.009389671361502348,
    0.009389671361502348,
    0.02,
    0.02,
    0.046357615894039736,
    0.046357615894039736,
    0.08695652173913043,
    0.08695652173913043,
    0.21621621621621623,
    0.21621621621621623,
    0.2608695652173913,
    0.2608695652173913,
    0.2962962962962963,
    0.2962962962962963
  ],
  "X_min": 0.0,
  "X_max": 0.5338,
  "y_min": 0.0,
  "y_max": 1.0,
  "high_prob_threshold": 0.7,
  "high_prob_shrinkage": 0.3
}