{
  "version": "edge_v1",
  "trained_date": "2025-12-28T15:27:17.706514",
  "validation_results": {
    "player_pass_attempts": {
      "BOTH": {
        "n": 102,
        "hits": 76,
        "hit_rate": 0.7450980392156863,
        "roi": 42.23921568627451
      },
      "LVT_ONLY": {
        "n": 27,
        "hits": 12,
        "hit_rate": 0.4444444444444444,
        "roi": -15.15555555555556
      },
      "PLAYER_BIAS_ONLY": {
        "n": 35,
        "hits": 28,
        "hit_rate": 0.8,
        "roi": 52.72000000000001
      }
    },
    "player_rush_yds": {
      "BOTH": {
        "n": 250,
        "hits": 200,
        "hit_rate": 0.8,
        "roi": 52.72000000000001
      },
      "LVT_ONLY": {
        "n": 1900,
        "hits": 1014,
        "hit_rate": 0.5336842105263158,
        "roi": 1.88031578947368
      },
      "PLAYER_BIAS_ONLY": {
        "n": 101,
        "hits": 92,
        "hit_rate": 0.9108910891089109,
        "roi": 73.8891089108911
      }
    },
    "player_rush_attempts": {
      "LVT_ONLY": {
        "n": 4,
        "hits": 2,
        "hit_rate": 0.5,
        "roi": -4.549999999999999
      }
    }
  },
  "markets": [
    "player_pass_attempts",
    "player_rush_yds",
    "player_rush_attempts"
  ]
}