{
  "timestamp": "2025-11-16T01:32:10.950540",
  "total_props": 9669,
  "weeks_tested": 14,
  "total_bets": 47,
  "total_profit": -1707.3004070964823,
  "total_roi": -36.3255405765209,
  "avg_hit_rate": 34.04255319148936,
  "market_results": {
    "player_pass_yds": {
      "bets": 47,
      "wins": 16,
      "profit": -1707.3004070964823
    }
  },
  "strategies": [
    {
      "min_edge": 0.0,
      "bets": 6589,
      "profit": -21852.99588096183,
      "roi": -3.3165876280105975
    },
    {
      "min_edge": 0.02,
      "bets": 4435,
      "profit": -17576.617149642698,
      "roi": -3.963160574891251
    },
    {
      "min_edge": 0.05,
      "bets": 47,
      "profit": -1707.3004070964823,
      "roi": -36.3255405765209
    },
    {
      "min_edge": 0.08,
      "bets": 47,
      "profit": -1707.3004070964823,
      "roi": -36.3255405765209
    }
  ]
}