week,total_bets,wins,losses,pushes,hit_rate,total_profit,roi,avg_edge
5,112,56,56,0,0.5,-3.7245201763920037,-3.3254644432071463,0.08493339893094354
6,133,71,62,0,0.5338345864661654,1.5063913966291675,1.1326251102474945,0.07108135222352774
7,121,66,55,0,0.5454545454545454,3.914692496008101,3.2352830545521494,0.07707610173904246
8,99,48,51,0,0.48484848484848486,-8.001496277042392,-8.082319471759993,0.08315212179940223
9,142,68,74,0,0.4788732394366197,-12.881846336439265,-9.071722772140328,0.07262631477271492
10,136,75,61,0,0.5514705882352942,7.50191598249167,5.516114693008581,0.07795809362952963
11,17,15,2,0,0.8823529411764706,11.407268899878282,67.1015817639899,0.0738289233999108
