week,total_bets,wins,losses,pushes,hit_rate,total_profit,roi,avg_edge
5,192,109,83,0,0.5677083333333334,14.50674134190268,7.555594448907646,0.17650758384286847
6,221,111,110,0,0.502262443438914,-12.41925381132052,-5.619571860326027,0.16422040832470872
7,210,105,105,0,0.5,-14.792216768696715,-7.043912746998436,0.1682816036128618
8,165,78,87,0,0.4727272727272727,-19.922810208947382,-12.07443042966508,0.1721237757508136
9,234,116,118,0,0.49572649572649574,-17.98833177628547,-7.6873212719168675,0.15415942857496967
10,215,114,101,0,0.5302325581395348,-0.31152217990026543,-0.14489403716291413,0.16839077493082424
11,23,16,7,0,0.6956521739130435,7.078409839475599,30.775694954241732,0.1988564695479579
