week,total_bets,wins,losses,pushes,hit_rate,total_profit,roi,avg_edge
5,45,20,25,0,0.4444444444444444,-3.668088409131826,-8.151307575848502,0.10931984541258502
6,35,18,17,0,0.5142857142857142,1.3923686337072838,3.978196096306525,0.07713469923469789
7,35,24,11,0,0.6857142857142857,11.820731534693634,33.77351867055324,0.09763715614809036
8,31,17,14,0,0.5483870967741935,1.9494353644428877,6.288501175622219,0.08941127590204945
9,37,17,20,0,0.4594594594594595,-3.2556620218413315,-8.799086545517113,0.08260031342982901
10,41,24,17,0,0.5853658536585366,6.70056572623151,16.342843234710998,0.07924673031026234
11,3,2,1,0,0.6666666666666666,0.7858566531132904,26.195221770443016,0.08428902011506838
