week,total_bets,wins,losses,pushes,hit_rate,total_profit,roi,avg_edge
5,125,69,56,0,0.552,7.281602623520766,5.825282098816613,0.08694632598041248
6,145,83,62,0,0.5724137931034483,12.911762327608947,8.904663674213067,0.0721091919223333
7,135,78,57,0,0.5777777777777777,12.740974492918003,9.437758883642964,0.07820926331131456
8,111,59,52,0,0.5315315315315315,1.6535497650041808,1.4896844729767396,0.08417290863039646
9,160,86,74,0,0.5375,3.215773405505291,2.009858378440807,0.07243956028769546
10,151,90,61,0,0.5960264900662252,21.811538150544727,14.444727252016376,0.07855179344611449
11,30,28,2,0,0.9333333333333333,23.340792114977194,77.80264038325731,0.08115123609253305
