week,total_bets,wins,losses,pushes,hit_rate,total_profit,roi,avg_edge
5,155,85,70,0,0.5483870967741935,7.884519366788613,5.086786688250719,0.15623922748147537
6,182,93,89,0,0.510989010989011,-6.547138263668318,-3.5973287163012735,0.14073894246688026
7,162,80,82,0,0.49382716049382713,-12.036811601904786,-7.430130618459745,0.1506786985013634
8,136,61,75,0,0.4485294117647059,-21.094726971563574,-15.51082865556145,0.14774491046516158
9,185,90,95,0,0.4864864864864865,-15.966548786878203,-8.630566911826056,0.13642181528902128
10,176,90,86,0,0.5113636363636364,-5.2487310480723846,-2.9822335500411277,0.14627622467402782
11,20,14,6,0,0.7,6.321861303266045,31.60930651633023,0.1664748937005517
