week,total_bets,wins,losses,pushes,hit_rate,total_profit,roi,avg_edge
5,41,20,21,0,0.4878048780487805,0.3319115908681741,0.809540465532132,0.11606591459545705
6,27,14,13,0,0.5185185185185185,1.3826053965139988,5.120760727829626,0.08859528387001606
7,32,23,9,0,0.71875,12.780731534693635,39.93978604591761,0.10245916267902137
8,25,14,11,0,0.56,2.7958585445992865,11.183434178397146,0.10127153616706293
9,30,13,17,0,0.43333333333333335,-3.6463788131014407,-12.154596043671468,0.09226670277657471
10,34,18,16,0,0.5294117647058824,2.1696424118868913,6.381301211432033,0.08743694816055939
11,3,2,1,0,0.6666666666666666,0.7858566531132904,26.195221770443016,0.08428902011506838
