week,total_bets,wins,losses,pushes,hit_rate,total_profit,roi,avg_edge
5,106,51,55,0,0.4811320754716981,-7.069401737538224,-6.669246922205872,0.08728007965978758
6,119,64,55,0,0.5378151260504201,3.0007792191746905,2.5216632093904963,0.07462538237410427
7,112,60,52,0,0.5357142857142857,2.0784699339506147,1.8557767267416203,0.08000622323747075
8,95,47,48,0,0.49473684210526314,-5.8145044071236915,-6.120530954867044,0.08481531857915127
9,133,63,70,0,0.47368421052631576,-12.924701857452874,-9.717820945453289,0.07495852219736694
10,130,72,58,0,0.5538461538461539,7.54753120766597,5.805793236666131,0.07974754541198763
11,16,14,2,0,0.875,10.559811272759639,65.99882045474774,0.07547215136705425
