{
  "total_props": 9669,
  "over_hit_rate": 0.4777122763470886,
  "under_hit_rate": 0.5222877236529113,
  "push_rate": 0.0,
  "market_efficiency": 0.022287723652911373,
  "total_over_profit": -96712.06874088333,
  "total_under_profit": -21344.42740883491,
  "over_roi": -10.002282422265315,
  "under_roi": -2.2075113671356816,
  "by_market": {
    "player_reception_yds": {
      "count": 3701,
      "over_hit_rate": 0.4866252364225885,
      "under_hit_rate": 0.5133747635774115,
      "avg_line": 31.9750067549311,
      "avg_actual": 36.34531207781681,
      "over_roi": -8.715231641244104,
      "under_roi": -3.396655897009883
    },
    "player_receptions": {
      "count": 3488,
      "over_hit_rate": 0.4693233944954128,
      "under_hit_rate": 0.5306766055045872,
      "avg_line": 3.2219036697247705,
      "avg_actual": 3.333428899082569,
      "over_roi": -10.991887525882802,
      "under_roi": -1.249580645890454
    },
    "player_rush_yds": {
      "count": 1797,
      "over_hit_rate": 0.47356705620478573,
      "under_hit_rate": 0.5264329437952142,
      "avg_line": 35.940734557595995,
      "avg_actual": 38.74457429048414,
      "over_roi": -11.028301443821878,
      "under_roi": -1.3446693597043344
    },
    "player_pass_yds": {
      "count": 683,
      "over_hit_rate": 0.48316251830161056,
      "under_hit_rate": 0.5168374816983895,
      "avg_line": 223.42386530014642,
      "avg_actual": 222.77452415812593,
      "over_roi": -9.223184556093376,
      "under_roi": -2.926055346627742
    }
  },
  "by_week": {
    "1": {
      "count": 729,
      "over_hit_rate": 0.42661179698216734,
      "under_hit_rate": 0.5733882030178327,
      "over_roi": -19.188826850059552,
      "under_roi": 7.975443852582165
    },
    "2": {
      "count": 772,
      "over_hit_rate": 0.46632124352331605,
      "under_hit_rate": 0.533678756476684,
      "over_roi": -12.118182763640416,
      "under_roi": 0.06364671634643537
    },
    "3": {
      "count": 793,
      "over_hit_rate": 0.46153846153846156,
      "under_hit_rate": 0.5384615384615384,
      "over_roi": -12.829917633676176,
      "under_roi": 0.5069048596423349
    },
    "4": {
      "count": 786,
      "over_hit_rate": 0.5050890585241731,
      "under_hit_rate": 0.494910941475827,
      "over_roi": -4.514704913879225,
      "under_roi": -7.323970629925257
    },
    "5": {
      "count": 689,
      "over_hit_rate": 0.5239477503628447,
      "under_hit_rate": 0.4760522496371553,
      "over_roi": -1.1643125902312816,
      "under_roi": -11.388942995735233
    },
    "6": {
      "count": 672,
      "over_hit_rate": 0.46577380952380953,
      "under_hit_rate": 0.5342261904761905,
      "over_roi": -11.898298578772195,
      "under_roi": -0.047138823972604285
    },
    "7": {
      "count": 661,
      "over_hit_rate": 0.4130105900151286,
      "under_hit_rate": 0.5869894099848714,
      "over_roi": -22.204140067891007,
      "under_roi": 10.432417700562398
    },
    "8": {
      "count": 679,
      "over_hit_rate": 0.49337260677466865,
      "under_hit_rate": 0.5066273932253313,
      "over_roi": -7.215564020312291,
      "under_roi": -5.535913928427046
    },
    "9": {
      "count": 717,
      "over_hit_rate": 0.46582984658298465,
      "under_hit_rate": 0.5341701534170153,
      "over_roi": -11.857474763388375,
      "under_roi": 0.5928009868947255
    },
    "10": {
      "count": 671,
      "over_hit_rate": 0.47540983606557374,
      "under_hit_rate": 0.5245901639344263,
      "over_roi": -9.821245462496627,
      "under_roi": -1.5410730483824155
    },
    "11": {
      "count": 362,
      "over_hit_rate": 0.5193370165745856,
      "under_hit_rate": 0.48066298342541436,
      "over_roi": -2.5458056194068264,
      "under_roi": -10.685437106687335
    },
    "12": {
      "count": 318,
      "over_hit_rate": 0.5,
      "under_hit_rate": 0.5,
      "over_roi": -6.695252182587056,
      "under_roi": -6.791820940560386
    },
    "13": {
      "count": 291,
      "over_hit_rate": 0.49140893470790376,
      "under_hit_rate": 0.5085910652920962,
      "over_roi": -7.705588929333294,
      "under_roi": -5.130793326304262
    },
    "14": {
      "count": 304,
      "over_hit_rate": 0.4769736842105263,
      "under_hit_rate": 0.5230263157894737,
      "over_roi": -10.587856351060726,
      "under_roi": -2.8678262474623364
    },
    "15": {
      "count": 336,
      "over_hit_rate": 0.45535714285714285,
      "under_hit_rate": 0.5446428571428571,
      "over_roi": -14.563028441653577,
      "under_roi": 1.9073884242897132
    },
    "16": {
      "count": 382,
      "over_hit_rate": 0.5340314136125655,
      "under_hit_rate": 0.46596858638743455,
      "over_roi": 0.24034069503545386,
      "under_roi": -13.041559511440726
    },
    "17": {
      "count": 292,
      "over_hit_rate": 0.4897260273972603,
      "under_hit_rate": 0.5102739726027398,
      "over_roi": -8.697021317841164,
      "under_roi": -3.9808411750037416
    },
    "18": {
      "count": 215,
      "over_hit_rate": 0.5348837209302325,
      "under_hit_rate": 0.46511627906976744,
      "over_roi": -1.5202431150706959,
      "under_roi": -12.121169893893956
    }
  }
}