{
  "X_thresholds": [
    0.05,
    0.07105263157894737,
    0.09210526315789475,
    0.11315789473684211,
    0.13421052631578947,
    0.15526315789473683,
    0.1763157894736842,
    0.19736842105263158,
    0.21842105263157896,
    0.23947368421052634,
    0.26052631578947366,
    0.28157894736842104,
    0.3026315789473684,
    0.3236842105263158,
    0.3447368421052631,
    0.3657894736842105,
    0.3868421052631579,
    0.40789473684210525,
    0.42894736842105263,
    0.45,
    0.46111111111111114,
    0.47222222222222227,
    0.48333333333333334,
    0.49444444444444446,
    0.5055555555555555,
    0.5166666666666667,
    0.5277777777777778,
    0.538888888888889,
    0.55,
    0.5710526315789474,
    0.5921052631578948,
    0.6131578947368421,
    0.6342105263157896,
    0.6552631578947369,
    0.6763157894736842,
    0.6973684210526316,
    0.718421052631579,
    0.7394736842105263,
    0.7605263157894737,
    0.781578947368421,
    0.8026315789473684,
    0.8236842105263158,
    0.8447368421052631,
    0.8657894736842104,
    0.8868421052631579,
    0.9078947368421053,
    0.9289473684210526,
    0.95
  ],
  "y_thresholds": [
    0.185,
    0.19973684210526316,
    0.21447368421052632,
    0.22921052631578948,
    0.24394736842105263,
    0.2586842105263158,
    0.27342105263157895,
    0.2881578947368421,
    0.30289473684210527,
    0.31763157894736843,
    0.33236842105263154,
    0.3471052631578947,
    0.3618421052631579,
    0.37657894736842107,
    0.3913157894736842,
    0.40605263157894733,
    0.4207894736842105,
    0.43552631578947365,
    0.45026315789473687,
    0.4575,
    0.46111111111111114,
    0.47222222222222227,
    0.48333333333333334,
    0.49444444444444446,
    0.5055555555555555,
    0.5166666666666667,
    0.5277777777777778,
    0.538888888888889,
    0.5425,
    0.5497368421052632,
    0.5644736842105263,
    0.5792105263157895,
    0.5939473684210527,
    0.6086842105263158,
    0.623421052631579,
    0.6381578947368421,
    0.6528947368421053,
    0.6676315789473684,
    0.6823684210526316,
    0.6971052631578947,
    0.7118421052631578,
    0.7265789473684211,
    0.7413157894736842,
    0.7560526315789473,
    0.7707894736842105,
    0.7855263157894737,
    0.8002631578947368,
    0.815
  ],
  "X_min": 0.05,
  "X_max": 0.95,
  "y_min": 0.0,
  "y_max": 1.0,
  "high_prob_threshold": 0.65,
  "high_prob_shrinkage": 0.4,
  "notes": "Rebuilt from weeks 1-8 backtest. Increased variance to improve coverage from 35% to target 90%.",
  "training_date": "2025-11-03",
  "training_weeks": "1-8",
  "source": "V3 backtest validation"
}