{
  "X_thresholds": [
    0.1154,
    0.2235,
    0.2663,
    0.4821,
    0.4825,
    0.4857,
    0.4867,
    0.5099,
    0.5114,
    0.5389,
    0.5394,
    0.5478,
    0.5483,
    0.5949,
    0.5965,
    0.6699,
    0.6733,
    0.767,
    0.8371
  ],
  "y_thresholds": [
    0.0,
    0.0,
    0.39325842696629215,
    0.39325842696629215,
    0.42857142857142855,
    0.42857142857142855,
    0.5,
    0.5,
    0.574468085106383,
    0.574468085106383,
    0.625,
    0.625,
    0.7272727272727273,
    0.7272727272727273,
    0.75,
    0.75,
    0.8125,
    0.8125,
    1.0
  ],
  "X_min": 0.1154,
  "X_max": 0.8371,
  "trained_at": "2025-11-16T03:26:38.844579",
  "n_samples": 19
}