{
  "X_thresholds": [
    0.2233,
    0.3373,
    0.3446,
    0.3791,
    0.3845,
    0.4251,
    0.4275,
    0.6332,
    0.6349,
    0.7452
  ],
  "y_thresholds": [
    0.0,
    0.0,
    0.5,
    0.5,
    0.5263157894736842,
    0.5263157894736842,
    0.5739130434782609,
    0.5739130434782609,
    0.7894736842105263,
    0.7894736842105263
  ],
  "X_min": 0.2233,
  "X_max": 0.7452,
  "trained_at": "2025-12-25T02:53:29.518538",
  "n_samples": 165,
  "brier_before": 0.2489857172121212,
  "brier_after": 0.2273725816517579
}