{
  "calibrators": {
    "QB_player_pass_yds": {
      "X_thresholds": [
        0.49041123708787654,
        0.5017670038903455,
        0.5096711695150564,
        0.5189516508642462,
        0.5251656894689529,
        0.542366992546422,
        0.5439486079750022,
        0.600924252626064,
        0.6017137678307304,
        0.6781016732488362,
        0.6828256581654865,
        0.7022094746318425,
        0.7029866404497811,
        0.7213042565370928,
        0.7239073726596266,
        0.7584584356735681,
        0.7613716692481073,
        0.7853296918870285,
        0.7897150957445088,
        0.8956673132696431,
        0.8962449519476593,
        0.9280433861556416,
        0.9361501393578059
      ],
      "y_thresholds": [
        0.25,
        0.25,
        0.42857142857142855,
        0.42857142857142855,
        0.5,
        0.5,
        0.5161290322580645,
        0.5161290322580645,
        0.59375,
        0.59375,
        0.6,
        0.6,
        0.6428571428571429,
        0.6428571428571429,
        0.6842105263157895,
        0.6842105263157895,
        0.7,
        0.7,
        0.8,
        0.8,
        0.8333333333333334,
        0.8333333333333334,
        1.0
      ]
    },
    "RB_player_rush_yds": {
      "X_thresholds": [
        0.4953391242414401,
        0.5137025983795164,
        0.5171012610246242,
        0.5287593810087738,
        0.5301684006267635,
        0.769977247944752,
        0.7702284794123495,
        0.8404094036805217,
        0.8405306719803958,
        0.8518559876473698,
        0.8522968090931781,
        0.976653229610011,
        0.9821235893714387,
        0.99
      ],
      "y_thresholds": [
        0.0,
        0.0,
        0.25,
        0.25,
        0.3950617283950617,
        0.3950617283950617,
        0.4375,
        0.4375,
        0.5,
        0.5,
        0.6081081081081081,
        0.6081081081081081,
        1.0,
        1.0
      ]
    },
    "WR_player_reception_yds": {
      "X_thresholds": [
        0.4859531585013696,
        0.4961865481800743,
        0.5049919292727405,
        0.532643977964982,
        0.5329306735271676,
        0.6250410823102779,
        0.6261664702494059,
        0.6388425063483939,
        0.6399889630928494,
        0.8001799432234411,
        0.8039999136757736,
        0.8523423657302603,
        0.8592876338398714,
        0.9059994513906684
      ],
      "y_thresholds": [
        0.0,
        0.0,
        0.2727272727272727,
        0.2727272727272727,
        0.3888888888888889,
        0.3888888888888889,
        0.5,
        0.5,
        0.5492957746478874,
        0.5492957746478874,
        0.7391304347826086,
        0.7391304347826086,
        1.0,
        1.0
      ]
    },
    "WR_player_receptions": {
      "X_thresholds": [
        0.4791549173506985,
        0.5052129185815722,
        0.5052741184036665,
        0.6368706086716416,
        0.6376412854708355,
        0.6464842967232823,
        0.6480560541711063,
        0.760494010638813,
        0.76426806205578,
        0.7880952450690406,
        0.7900349114584325,
        0.8011231094465706,
        0.8066500870491843,
        0.8697875209535777
      ],
      "y_thresholds": [
        0.0,
        0.0,
        0.43636363636363634,
        0.43636363636363634,
        0.5,
        0.5,
        0.5476190476190477,
        0.5476190476190477,
        0.625,
        0.625,
        0.7142857142857143,
        0.7142857142857143,
        0.7391304347826086,
        0.7391304347826086
      ]
    }
  },
  "mean_bias_corrections": {
    "QB_player_pass_yds": 3.0,
    "RB_player_rush_yds": 11.346666666666664,
    "WR_player_reception_yds": -0.8400000000000034,
    "WR_player_receptions": 0.08000000000000007
  },
  "edge_thresholds": {
    "QB_player_pass_yds": 0.05,
    "RB_player_rush_yds": 0.05,
    "WR_player_reception_yds": 0.05,
    "WR_player_receptions": 0.05
  }
}