{
  "position": "QB",
  "trained_date": "2025-11-10T23:45:09.799477",
  "training_samples": 822,
  "training_win_rate": 0.7579075425790754,
  "brier_score_raw": 0.21652662985302562,
  "brier_score_calibrated": 0.1896430632304325,
  "brier_improvement": 0.026883566622593114,
  "mace_raw": 0.1779791415703491,
  "mace_calibrated": 0.11804717743432847,
  "mace_improvement": 0.05993196413602064,
  "high_prob_threshold": 0.7,
  "high_prob_shrinkage": 0.25
}