{
  "X_thresholds": [
    0.01,
    0.106362655206658,
    0.10652795077601385,
    0.11383856786637059,
    0.11540026502413225,
    0.19251693189525776,
    0.1949695011373549,
    0.2750273602164084,
    0.27612336324869724,
    0.3317945240572977,
    0.33252136303588187,
    0.4409984803217818,
    0.4412084744731942,
    0.4428840659924559,
    0.44316258182244084,
    0.46124643725836934,
    0.46138488590510063,
    0.5113903354868676,
    0.5117169191215505,
    0.5368664674611414,
    0.5371135661193005,
    0.7570855038187005,
    0.7597869307681964,
    0.95
  ],
  "y_thresholds": [
    0.16057233704292528,
    0.16057233704292528,
    0.18181818181818182,
    0.18181818181818182,
    0.1927710843373494,
    0.1927710843373494,
    0.281767955801105,
    0.281767955801105,
    0.308411214953271,
    0.308411214953271,
    0.385,
    0.385,
    0.4,
    0.4,
    0.42857142857142855,
    0.42857142857142855,
    0.44776119402985076,
    0.44776119402985076,
    0.5,
    0.5,
    0.5255102040816326,
    0.5255102040816326,
    0.7272727272727273,
    0.7272727272727273
  ],
  "X_min": 0.01,
  "X_max": 0.95,
  "y_min": 0.0,
  "y_max": 1.0,
  "high_prob_threshold": 0.7,
  "high_prob_shrinkage": 0.25
}