{
  "position": "RB",
  "trained_date": "2025-11-10T23:45:09.804610",
  "training_samples": 1636,
  "training_win_rate": 0.2878973105134474,
  "brier_score_raw": 0.1982173631812155,
  "brier_score_calibrated": 0.18556010100023165,
  "brier_improvement": 0.012657262180983841,
  "mace_raw": 0.0491009429472366,
  "mace_calibrated": 0.002005545752680582,
  "mace_improvement": 0.04709539719455602,
  "high_prob_threshold": 0.7,
  "high_prob_shrinkage": 0.25
}