{
  "X_thresholds": [
    0.01,
    0.08071691303051898,
    0.08088261221775839,
    0.164598189585494,
    0.16498643272127045,
    0.20263438622627905,
    0.2032011351408396,
    0.22126662997877955,
    0.22373474397389737,
    0.3419472474004013,
    0.3425356856388446,
    0.3689002306865128,
    0.3691920216784198,
    0.37566058941609226,
    0.3801279782080681,
    0.95
  ],
  "y_thresholds": [
    0.13297150610583447,
    0.13297150610583447,
    0.1581196581196581,
    0.1581196581196581,
    0.20270270270270271,
    0.20270270270270271,
    0.25,
    0.25,
    0.26455026455026454,
    0.26455026455026454,
    0.26666666666666666,
    0.26666666666666666,
    0.3333333333333333,
    0.3333333333333333,
    0.33663366336633666,
    0.33663366336633666
  ],
  "X_min": 0.01,
  "X_max": 0.95,
  "y_min": 0.0,
  "y_max": 1.0,
  "high_prob_threshold": 0.7,
  "high_prob_shrinkage": 0.25
}