{
  "X_thresholds": [
    0.01,
    0.10408443664638245,
    0.10598429374682694,
    0.11251214829741119,
    0.11271266834215454,
    0.17087569942379166,
    0.17102150986448494,
    0.17355771277012555,
    0.17407419307969263,
    0.20836428278389885,
    0.20905907180426497,
    0.2251900191963362,
    0.22530216128719383,
    0.22796335933014944,
    0.2282068802241607,
    0.30335629304342226,
    0.3036993679690897,
    0.3863019651500721,
    0.38880401527688957,
    0.40241238814179014,
    0.4026841750411323,
    0.49703251366330337,
    0.497626238815696,
    0.95
  ],
  "y_thresholds": [
    0.16174055829228243,
    0.16174055829228243,
    0.18181818181818182,
    0.18181818181818182,
    0.18867924528301888,
    0.18867924528301888,
    0.25,
    0.25,
    0.25862068965517243,
    0.25862068965517243,
    0.28846153846153844,
    0.28846153846153844,
    0.2894736842105263,
    0.2894736842105263,
    0.30333333333333334,
    0.30333333333333334,
    0.3119266055045871,
    0.3119266055045871,
    0.325,
    0.325,
    0.3333333333333333,
    0.3333333333333333,
    0.391304347826087,
    0.391304347826087
  ],
  "X_min": 0.01,
  "X_max": 0.95,
  "y_min": 0.0,
  "y_max": 1.0,
  "high_prob_threshold": 0.7,
  "high_prob_shrinkage": 0.25
}