{
  "X_thresholds": [
    0.01,
    0.057526750399806814,
    0.15510795644253106,
    0.1551829901267744,
    0.20707793323458468,
    0.2218877121948738,
    0.24994642224787522,
    0.25178543312144464,
    0.4025011843855144,
    0.4032805261667818,
    0.7071598590143371,
    0.7072247269859977,
    0.7554221717438387,
    0.7589410245662102,
    0.7859774212021566,
    0.7861456991326813,
    0.8701142064779617,
    0.870464494434144,
    0.8720460048718239,
    0.8721137110157207,
    0.9052760023111248,
    0.9053460813520882,
    0.9138088424665199,
    0.9161304452253839,
    0.944382945409264,
    0.95
  ],
  "y_thresholds": [
    0.40217391304347827,
    0.43333333333333335,
    0.43333333333333335,
    0.5,
    0.5,
    0.5555555555555556,
    0.5555555555555556,
    0.7796610169491526,
    0.7796610169491526,
    0.7986111111111112,
    0.7986111111111112,
    0.8059701492537313,
    0.8059701492537313,
    0.8103448275862069,
    0.8103448275862069,
    0.8611111111111112,
    0.8611111111111112,
    0.875,
    0.875,
    0.9038461538461539,
    0.9038461538461539,
    0.9333333333333333,
    0.9333333333333333,
    0.9444444444444444,
    0.9444444444444444,
    1.0
  ],
  "X_min": 0.01,
  "X_max": 0.95,
  "y_min": 0.0,
  "y_max": 1.0,
  "high_prob_threshold": 0.7,
  "high_prob_shrinkage": 0.25
}