market,market_under_rate
player_pass_yds,0.5211864406779662
player_reception_yds,0.5156494522691706
player_receptions,0.5320796460176991
player_rush_yds,0.5267665952890792
