week,total_bets,wins,losses,win_rate,profit,roi,brier_score
1,1709,1128,581,0.6600351082504389,444.3520000000001,26.000702165008782,0.25650030040910166
2,1897,1268,629,0.6684238270954138,523.6120000000001,27.6021085925145,0.2612223134850866
3,1814,1328,486,0.7320837927232635,721.152,39.754796030871006,0.20730912905313822
4,1880,1352,528,0.7191489361702128,700.9680000000001,37.285531914893625,0.21358653857586424
5,1695,1231,464,0.7262536873156342,654.979,38.64182890855458,0.21532029861425675
6,1712,1240,472,0.7242990654205608,655.1600000000001,38.26869158878505,0.2167298271912986
7,1686,1219,467,0.7230130486358244,641.0710000000001,38.02319098457889,0.21406524565491158
8,1522,1131,391,0.7431011826544021,637.079,41.85801576872536,0.202064745274163
